[{"model": "contenttypes.contenttype", "pk": 1, "fields": {"app_label": "admin", "model": "logentry"}}, {"model": "contenttypes.contenttype", "pk": 2, "fields": {"app_label": "auth", "model": "permission"}}, {"model": "contenttypes.contenttype", "pk": 3, "fields": {"app_label": "auth", "model": "group"}}, {"model": "contenttypes.contenttype", "pk": 4, "fields": {"app_label": "contenttypes", "model": "contenttype"}}, {"model": "contenttypes.contenttype", "pk": 5, "fields": {"app_label": "sessions", "model": "session"}}, {"model": "contenttypes.contenttype", "pk": 6, "fields": {"app_label": "accounts", "model": "user"}}, {"model": "contenttypes.contenttype", "pk": 7, "fields": {"app_label": "accounts", "model": "profile"}}, {"model": "contenttypes.contenttype", "pk": 8, "fields": {"app_label": "accounts", "model": "usersession"}}, {"model": "contenttypes.contenttype", "pk": 9, "fields": {"app_label": "category", "model": "category"}}, {"model": "contenttypes.contenttype", "pk": 10, "fields": {"app_label": "category", "model": "subcategory"}}, {"model": "contenttypes.contenttype", "pk": 11, "fields": {"app_label": "store", "model": "storeprofile"}}, {"model": "contenttypes.contenttype", "pk": 12, "fields": {"app_label": "store", "model": "questioncomment"}}, {"model": "contenttypes.contenttype", "pk": 13, "fields": {"app_label": "store", "model": "storegrade"}}, {"model": "contenttypes.contenttype", "pk": 14, "fields": {"app_label": "trade", "model": "item"}}, {"model": "contenttypes.contenttype", "pk": 15, "fields": {"app_label": "trade", "model": "itemcomment"}}, {"model": "contenttypes.contenttype", "pk": 16, "fields": {"app_label": "trade", "model": "order"}}, {"model": "sessions.session", "pk": "akz2zsh7q5qjvrlfy16rrnsgnpmp8i8s", "fields": {"session_data": "NGViOWEwMDFkZThmOGYzYTcxOGQ2MTcxOGE5NTI4YjhmNDYyN2I5ZDp7Il9hdXRoX3VzZXJfaWQiOiIxIiwiX2F1dGhfdXNlcl9iYWNrZW5kIjoiZGphbmdvLmNvbnRyaWIuYXV0aC5iYWNrZW5kcy5Nb2RlbEJhY2tlbmQiLCJfYXV0aF91c2VyX2hhc2giOiIyMjRmMTRkMzc5ZWE3MmUwOTBiMzZhOTA5Mjc0YmI1ZDcwMzY0NDc2In0=", "expire_date": "2019-06-20T14:54:48.473Z"}}, {"model": "sessions.session", "pk": "gsxtfkm3fy26ihneal3890kpbslkog6u", "fields": {"session_data": "MmQzOTRhYjc3YjU1MzBlYTk3YzZhYWZmY2UzMTYyNzIxYTVlYzk3Mjp7ImtpY2tlZCI6dHJ1ZX0=", "expire_date": "2019-06-19T21:16:55.521Z"}}, {"model": "sessions.session", "pk": "mj9iycm180ekno42eday8he409nt8nxy", "fields": {"session_data": "NjQ4MjkyMjU0NmZiY2QzYmYxMTRkNTIyNWU1MjE0OGI2NGQ3ZTAxOTp7Il9hdXRoX3VzZXJfaWQiOiIxIiwiX2F1dGhfdXNlcl9iYWNrZW5kIjoiZGphbmdvLmNvbnRyaWIuYXV0aC5iYWNrZW5kcy5Nb2RlbEJhY2tlbmQiLCJfYXV0aF91c2VyX2hhc2giOiIyMjRmMTRkMzc5ZWE3MmUwOTBiMzZhOTA5Mjc0YmI1ZDcwMzY0NDc2Iiwia2lja2VkIjp0cnVlfQ==", "expire_date": "2019-06-20T14:54:48.479Z"}}, {"model": "category.category", "pk": 1, "fields": {"name": "\uc804\uc790\uc81c\ud488"}}, {"model": "category.category", "pk": 2, "fields": {"name": "\ud328\uc158\uc758\ub958"}}, {"model": "category.category", "pk": 3, "fields": {"name": "\ud654\uc7a5\ud488/\ubbf8\uc6a9"}}, {"model": "category.category", "pk": 4, "fields": {"name": "\uc2a4\ud3ec\uce20/\ub808\uc800"}}, {"model": "category.category", "pk": 5, "fields": {"name": "\uc720\uc544\ub3d9/\ucd9c\uc0b0"}}, {"model": "category.category", "pk": 6, "fields": {"name": "\uc644\uad6c/\ubb38\uad6c/\ucde8\ubbf8"}}, {"model": "category.category", "pk": 7, "fields": {"name": "\uc790\ub3d9\ucc28"}}, {"model": "category.category", "pk": 8, "fields": {"name": "\uac00\uad6c/\uc778\ud14c\ub9ac\uc5b4"}}, {"model": "category.category", "pk": 9, "fields": {"name": "\uc5ec\ud589/\ubb38\ud654"}}, {"model": "category.category", "pk": 10, "fields": {"name": "\uc0dd\ud65c/\uac74\uac15"}}, {"model": "category.subcategory", "pk": 7, "fields": {"category": 1, "name": "\uc2a4\ub9c8\ud2b8\ud3f0"}}, {"model": "category.subcategory", "pk": 8, "fields": {"category": 1, "name": "\ub178\ud2b8\ubd81/PC/\ud0dc\ube14\ub9bf"}}, {"model": "category.subcategory", "pk": 9, "fields": {"category": 1, "name": "\ub178\ud2b8\ubd81/PC \uc8fc\ubcc0\uae30\uae30"}}, {"model": "category.subcategory", "pk": 10, "fields": {"category": 1, "name": "\uce74\uba54\ub77c"}}, {"model": "category.subcategory", "pk": 11, "fields": {"category": 1, "name": "\uc74c\ud5a5\uac00\uc804/\ud559\uc2b5\uae30\uae30"}}, {"model": "category.subcategory", "pk": 12, "fields": {"category": 1, "name": "\uac8c\uc784/\ud0c0\uc774\ud2c0"}}, {"model": "category.subcategory", "pk": 13, "fields": {"category": 1, "name": "\uc0dd\ud65c/\uc8fc\ubc29/\ubbf8\uc6a9\uac00\uc804"}}, {"model": "category.subcategory", "pk": 14, "fields": {"category": 1, "name": "\uae30\ud0c0 \uc804\uc790\uae30\uae30"}}, {"model": "category.subcategory", "pk": 15, "fields": {"category": 2, "name": "\uc5ec\uc131\uc758\ub958"}}, {"model": "category.subcategory", "pk": 16, "fields": {"category": 2, "name": "\ub0a8\uc131\uc758\ub958"}}, {"model": "category.subcategory", "pk": 17, "fields": {"category": 2, "name": "\uc5b8\ub354\uc6e8\uc5b4/\uc7a0\uc637"}}, {"model": "category.subcategory", "pk": 18, "fields": {"category": 2, "name": "\ud328\uc158\uc7a1\ud654"}}, {"model": "category.subcategory", "pk": 19, "fields": {"category": 2, "name": "\uc2e0\ubc1c"}}, {"model": "category.subcategory", "pk": 20, "fields": {"category": 2, "name": "\uac00\ubc29/\uc9c0\uac11/\uc545\uc138\uc11c\ub9ac"}}, {"model": "category.subcategory", "pk": 21, "fields": {"category": 2, "name": "\uae30\ud0c0 \uc7a1\ud654"}}, {"model": "category.subcategory", "pk": 22, "fields": {"category": 3, "name": "\ud654\uc7a5\ud488"}}, {"model": "category.subcategory", "pk": 23, "fields": {"category": 3, "name": "\ubdf0\ud2f0\uc18c\ud488"}}, {"model": "category.subcategory", "pk": 24, "fields": {"category": 3, "name": "\uae30\ud0c0\ubbf8\uc6a9"}}, {"model": "category.subcategory", "pk": 25, "fields": {"category": 4, "name": "\uc2a4\ud3ec\uce20 \uc6a9\ud488"}}, {"model": "category.subcategory", "pk": 26, "fields": {"category": 4, "name": "\uc2a4\ud3ec\uce20 \uc758\ub958"}}, {"model": "category.subcategory", "pk": 27, "fields": {"category": 5, "name": "\uc720\ubaa8\ucc28/\uce74\uc2dc\ud2b8/\uc678\ucd9c\uc6a9\ud488"}}, {"model": "category.subcategory", "pk": 28, "fields": {"category": 5, "name": "\uc644\uad6c/\uad50\uc721/\uad50\uad6c"}}, {"model": "category.subcategory", "pk": 29, "fields": {"category": 5, "name": "\uc704\uc0dd/\ucf00\uc5b4"}}, {"model": "category.subcategory", "pk": 30, "fields": {"category": 5, "name": "\uc784\ubd80\ubcf5"}}, {"model": "category.subcategory", "pk": 31, "fields": {"category": 5, "name": "\uc720\uc544\ub3d9 \uc758\ub958/\uc7a1\ud654"}}, {"model": "category.subcategory", "pk": 32, "fields": {"category": 5, "name": "\ubd84\uc720/\uc774\uc720\uc2dd/\uac04\uc2dd"}}, {"model": "category.subcategory", "pk": 33, "fields": {"category": 5, "name": "\uae30\uc800\uadc0/\ubb3c\ud2f0\uc288"}}, {"model": "category.subcategory", "pk": 34, "fields": {"category": 6, "name": "\ubb38\uad6c/\uc0ac\ubb34\uc6a9\ud488"}}, {"model": "category.subcategory", "pk": 35, "fields": {"category": 6, "name": "\uc545\uae30"}}, {"model": "category.subcategory", "pk": 36, "fields": {"category": 6, "name": "\ud654\ubc29\uc6a9\ud488"}}, {"model": "category.subcategory", "pk": 37, "fields": {"category": 6, "name": "\ud53c\uaddc\uc5b4"}}, {"model": "category.subcategory", "pk": 38, "fields": {"category": 6, "name": "\ub3c4\uc11c"}}, {"model": "category.subcategory", "pk": 39, "fields": {"category": 6, "name": "DVD/\uc74c\ubc18"}}, {"model": "category.subcategory", "pk": 40, "fields": {"category": 7, "name": "\uc790\ub3d9\ucc28"}}, {"model": "category.subcategory", "pk": 41, "fields": {"category": 7, "name": "\uc790\ub3d9\ucc28 \uc6a9\ud488"}}, {"model": "category.subcategory", "pk": 42, "fields": {"category": 8, "name": "\uce68\uc2e4\uac00\uad6c"}}, {"model": "category.subcategory", "pk": 43, "fields": {"category": 8, "name": "\uac70\uc2e4/\uc8fc\ubc29\uac00\uad6c"}}, {"model": "category.subcategory", "pk": 44, "fields": {"category": 8, "name": "\uc218\ub0a9\uac00\uad6c"}}, {"model": "category.subcategory", "pk": 45, "fields": {"category": 8, "name": "\uc11c\uc7ac/\uc0ac\ubb34\uc6a9\uac00\uad6c"}}, {"model": "category.subcategory", "pk": 46, "fields": {"category": 8, "name": "DIY\uc790\uc7ac/\uc6a9\ud488"}}, {"model": "category.subcategory", "pk": 47, "fields": {"category": 8, "name": "\uce68\uad6c\uc138\ud2b8/\ubc30\uac8c/\uc19c\ub958"}}, {"model": "category.subcategory", "pk": 48, "fields": {"category": 8, "name": "\uc544\ub3d9/\uc8fc\ub2c8\uc5b4\uac00\uad6c"}}, {"model": "category.subcategory", "pk": 49, "fields": {"category": 8, "name": "\uc778\ud14c\ub9ac\uc5b4\uc18c\ud488"}}, {"model": "category.subcategory", "pk": 50, "fields": {"category": 8, "name": "\ucee4\ud2bc/\uce74\ud398\ud2b8/\ub7ec\uadf8"}}, {"model": "category.subcategory", "pk": 51, "fields": {"category": 9, "name": "\uc9c0\ub958/\uce74\ub4dc\uc0c1\ud488\uad8c"}}, {"model": "category.subcategory", "pk": 52, "fields": {"category": 9, "name": "\uacf5\uc5f0/\ud2f0\ucf13"}}, {"model": "category.subcategory", "pk": 53, "fields": {"category": 9, "name": "\ubaa8\ubc14\uc77c\ucfe0\ud3f0/\uc0c1\ud488\uad8c"}}, {"model": "category.subcategory", "pk": 54, "fields": {"category": 9, "name": "\uc5ec\ud589/\ud56d\uacf5\uad8c"}}, {"model": "category.subcategory", "pk": 55, "fields": {"category": 9, "name": "\ub808\uc800\uc774\uc6a9\uad8c"}}, {"model": "category.subcategory", "pk": 56, "fields": {"category": 10, "name": "\uc790\ub3d9\ucc28\uc6a9\ud488"}}, {"model": "category.subcategory", "pk": 57, "fields": {"category": 10, "name": "\uc8fc\ubc29\uc6a9\ud488"}}, {"model": "category.subcategory", "pk": 58, "fields": {"category": 10, "name": "\uc138\ud0c1\uc6a9\ud488"}}, {"model": "category.subcategory", "pk": 59, "fields": {"category": 10, "name": "\uc218\ub0a9/\uc815\ub9ac\uc6a9\ud488"}}, {"model": "category.subcategory", "pk": 60, "fields": {"category": 10, "name": "\uc0dd\ud65c\uc6a9\ud488"}}, {"model": "category.subcategory", "pk": 61, "fields": {"category": 10, "name": "\uacf5\uad6c"}}, {"model": "category.subcategory", "pk": 62, "fields": {"category": 10, "name": "\uc560\uc644"}}, {"model": "category.subcategory", "pk": 63, "fields": {"category": 10, "name": "\uc2dd\ud488"}}, {"model": "auth.permission", "pk": 1, "fields": {"name": "Can add log entry", "content_type": 1, "codename": "add_logentry"}}, {"model": "auth.permission", "pk": 2, "fields": {"name": "Can change log entry", "content_type": 1, "codename": "change_logentry"}}, {"model": "auth.permission", "pk": 3, "fields": {"name": "Can delete log entry", "content_type": 1, "codename": "delete_logentry"}}, {"model": "auth.permission", "pk": 4, "fields": {"name": "Can view log entry", "content_type": 1, "codename": "view_logentry"}}, {"model": "auth.permission", "pk": 5, "fields": {"name": "Can add permission", "content_type": 2, "codename": "add_permission"}}, {"model": "auth.permission", "pk": 6, "fields": {"name": "Can change permission", "content_type": 2, "codename": "change_permission"}}, {"model": "auth.permission", "pk": 7, "fields": {"name": "Can delete permission", "content_type": 2, "codename": "delete_permission"}}, {"model": "auth.permission", "pk": 8, "fields": {"name": "Can view permission", "content_type": 2, "codename": "view_permission"}}, {"model": "auth.permission", "pk": 9, "fields": {"name": "Can add group", "content_type": 3, "codename": "add_group"}}, {"model": "auth.permission", "pk": 10, "fields": {"name": "Can change group", "content_type": 3, "codename": "change_group"}}, {"model": "auth.permission", "pk": 11, "fields": {"name": "Can delete group", "content_type": 3, "codename": "delete_group"}}, {"model": "auth.permission", "pk": 12, "fields": {"name": "Can view group", "content_type": 3, "codename": "view_group"}}, {"model": "auth.permission", "pk": 13, "fields": {"name": "Can add content type", "content_type": 4, "codename": "add_contenttype"}}, {"model": "auth.permission", "pk": 14, "fields": {"name": "Can change content type", "content_type": 4, "codename": "change_contenttype"}}, {"model": "auth.permission", "pk": 15, "fields": {"name": "Can delete content type", "content_type": 4, "codename": "delete_contenttype"}}, {"model": "auth.permission", "pk": 16, "fields": {"name": "Can view content type", "content_type": 4, "codename": "view_contenttype"}}, {"model": "auth.permission", "pk": 17, "fields": {"name": "Can add session", "content_type": 5, "codename": "add_session"}}, {"model": "auth.permission", "pk": 18, "fields": {"name": "Can change session", "content_type": 5, "codename": "change_session"}}, {"model": "auth.permission", "pk": 19, "fields": {"name": "Can delete session", "content_type": 5, "codename": "delete_session"}}, {"model": "auth.permission", "pk": 20, "fields": {"name": "Can view session", "content_type": 5, "codename": "view_session"}}, {"model": "auth.permission", "pk": 21, "fields": {"name": "Can add user", "content_type": 6, "codename": "add_user"}}, {"model": "auth.permission", "pk": 22, "fields": {"name": "Can change user", "content_type": 6, "codename": "change_user"}}, {"model": "auth.permission", "pk": 23, "fields": {"name": "Can delete user", "content_type": 6, "codename": "delete_user"}}, {"model": "auth.permission", "pk": 24, "fields": {"name": "Can view user", "content_type": 6, "codename": "view_user"}}, {"model": "auth.permission", "pk": 25, "fields": {"name": "Can add profile", "content_type": 7, "codename": "add_profile"}}, {"model": "auth.permission", "pk": 26, "fields": {"name": "Can change profile", "content_type": 7, "codename": "change_profile"}}, {"model": "auth.permission", "pk": 27, "fields": {"name": "Can delete profile", "content_type": 7, "codename": "delete_profile"}}, {"model": "auth.permission", "pk": 28, "fields": {"name": "Can view profile", "content_type": 7, "codename": "view_profile"}}, {"model": "auth.permission", "pk": 29, "fields": {"name": "Can add user session", "content_type": 8, "codename": "add_usersession"}}, {"model": "auth.permission", "pk": 30, "fields": {"name": "Can change user session", "content_type": 8, "codename": "change_usersession"}}, {"model": "auth.permission", "pk": 31, "fields": {"name": "Can delete user session", "content_type": 8, "codename": "delete_usersession"}}, {"model": "auth.permission", "pk": 32, "fields": {"name": "Can view user session", "content_type": 8, "codename": "view_usersession"}}, {"model": "auth.permission", "pk": 33, "fields": {"name": "Can add category", "content_type": 9, "codename": "add_category"}}, {"model": "auth.permission", "pk": 34, "fields": {"name": "Can change category", "content_type": 9, "codename": "change_category"}}, {"model": "auth.permission", "pk": 35, "fields": {"name": "Can delete category", "content_type": 9, "codename": "delete_category"}}, {"model": "auth.permission", "pk": 36, "fields": {"name": "Can view category", "content_type": 9, "codename": "view_category"}}, {"model": "auth.permission", "pk": 37, "fields": {"name": "Can add sub category", "content_type": 10, "codename": "add_subcategory"}}, {"model": "auth.permission", "pk": 38, "fields": {"name": "Can change sub category", "content_type": 10, "codename": "change_subcategory"}}, {"model": "auth.permission", "pk": 39, "fields": {"name": "Can delete sub category", "content_type": 10, "codename": "delete_subcategory"}}, {"model": "auth.permission", "pk": 40, "fields": {"name": "Can view sub category", "content_type": 10, "codename": "view_subcategory"}}, {"model": "auth.permission", "pk": 41, "fields": {"name": "Can add store profile", "content_type": 11, "codename": "add_storeprofile"}}, {"model": "auth.permission", "pk": 42, "fields": {"name": "Can change store profile", "content_type": 11, "codename": "change_storeprofile"}}, {"model": "auth.permission", "pk": 43, "fields": {"name": "Can delete store profile", "content_type": 11, "codename": "delete_storeprofile"}}, {"model": "auth.permission", "pk": 44, "fields": {"name": "Can view store profile", "content_type": 11, "codename": "view_storeprofile"}}, {"model": "auth.permission", "pk": 45, "fields": {"name": "Can add question comment", "content_type": 12, "codename": "add_questioncomment"}}, {"model": "auth.permission", "pk": 46, "fields": {"name": "Can change question comment", "content_type": 12, "codename": "change_questioncomment"}}, {"model": "auth.permission", "pk": 47, "fields": {"name": "Can delete question comment", "content_type": 12, "codename": "delete_questioncomment"}}, {"model": "auth.permission", "pk": 48, "fields": {"name": "Can view question comment", "content_type": 12, "codename": "view_questioncomment"}}, {"model": "auth.permission", "pk": 49, "fields": {"name": "Can add store grade", "content_type": 13, "codename": "add_storegrade"}}, {"model": "auth.permission", "pk": 50, "fields": {"name": "Can change store grade", "content_type": 13, "codename": "change_storegrade"}}, {"model": "auth.permission", "pk": 51, "fields": {"name": "Can delete store grade", "content_type": 13, "codename": "delete_storegrade"}}, {"model": "auth.permission", "pk": 52, "fields": {"name": "Can view store grade", "content_type": 13, "codename": "view_storegrade"}}, {"model": "auth.permission", "pk": 53, "fields": {"name": "Can add item", "content_type": 14, "codename": "add_item"}}, {"model": "auth.permission", "pk": 54, "fields": {"name": "Can change item", "content_type": 14, "codename": "change_item"}}, {"model": "auth.permission", "pk": 55, "fields": {"name": "Can delete item", "content_type": 14, "codename": "delete_item"}}, {"model": "auth.permission", "pk": 56, "fields": {"name": "Can view item", "content_type": 14, "codename": "view_item"}}, {"model": "auth.permission", "pk": 57, "fields": {"name": "Can add item comment", "content_type": 15, "codename": "add_itemcomment"}}, {"model": "auth.permission", "pk": 58, "fields": {"name": "Can change item comment", "content_type": 15, "codename": "change_itemcomment"}}, {"model": "auth.permission", "pk": 59, "fields": {"name": "Can delete item comment", "content_type": 15, "codename": "delete_itemcomment"}}, {"model": "auth.permission", "pk": 60, "fields": {"name": "Can view item comment", "content_type": 15, "codename": "view_itemcomment"}}, {"model": "auth.permission", "pk": 61, "fields": {"name": "Can add order", "content_type": 16, "codename": "add_order"}}, {"model": "auth.permission", "pk": 62, "fields": {"name": "Can change order", "content_type": 16, "codename": "change_order"}}, {"model": "auth.permission", "pk": 63, "fields": {"name": "Can delete order", "content_type": 16, "codename": "delete_order"}}, {"model": "auth.permission", "pk": 64, "fields": {"name": "Can view order", "content_type": 16, "codename": "view_order"}}, {"model": "accounts.user", "pk": 1, "fields": {"password": "pbkdf2_sha256$120000$p2rbN0gF1eLF$k33MczM8uh1NRzH5kdu8IxwwGAKRm56gZEQJ0Pqvqac=", "last_login": "2019-06-06T14:54:48.470Z", "is_superuser": true, "username": "admin", "first_name": "", "last_name": "", "email": "", "is_staff": true, "is_active": true, "date_joined": "2019-06-05T21:13:58.000Z", "groups": [], "user_permissions": []}}, {"model": "accounts.user", "pk": 2, "fields": {"password": "pbkdf2_sha256$120000$68BU6LW4owhW$1HMZ8twJhsxZ/ELI/LdU6xgiFU8hxkCvOlThAb/eU2I=", "last_login": "2019-06-05T21:16:39.128Z", "is_superuser": false, "username": "test", "first_name": "", "last_name": "", "email": "ehdgnv@naver.com", "is_staff": false, "is_active": true, "date_joined": "2019-06-05T21:16:19.073Z", "groups": [], "user_permissions": []}}, {"model": "accounts.profile", "pk": 1, "fields": {"user": 1, "nick_name": "\uad00\ub9ac\uc790", "email": "waef@fe.com", "phone": "0123456789", "post_code": "04901", "address": "\uc11c\uc6b8 \uad11\uc9c4\uad6c \ub2f5\uc2ed\ub9ac\ub85c 366  (\uc911\uace1\ub3d9)", "detail_address": "123", "account_num": "0651123412", "created_at": "2019-06-05T21:13:58.126Z", "updated_at": "2019-06-05T21:17:57.649Z"}}, {"model": "accounts.profile", "pk": 2, "fields": {"user": 2, "nick_name": "\ube59\uad6c", "email": "ehdgnv@naver.com", "phone": "0123456789", "post_code": "02646", "address": "\uc11c\uc6b8 \ub3d9\ub300\ubb38\uad6c \uc7a5\uc548\ubc9a\uaf43\ub85c 15  (\uc7a5\uc548\ub3d9)", "detail_address": "12", "account_num": "8932", "created_at": "2019-06-05T21:16:23.253Z", "updated_at": "2019-06-05T21:16:23.253Z"}}, {"model": "accounts.usersession", "pk": 2, "fields": {"user": 2, "session_key": "rxn0q264jqu6qi0lcon47jr92qi21xj0", "created_at": "2019-06-05T21:16:39.134Z"}}, {"model": "accounts.usersession", "pk": 4, "fields": {"user": 1, "session_key": "akz2zsh7q5qjvrlfy16rrnsgnpmp8i8s", "created_at": "2019-06-06T14:54:48.483Z"}}, {"model": "store.storeprofile", "pk": 1, "fields": {"user": 2, "name": "\ube59\uad6c\uc758 \uac00\uac8c", "photo": "", "comment": "\ubc18\uac11\uc2b5\ub2c8\ub2e4.", "created_at": "2019-06-05T21:16:23.258Z"}}]